Student_ID,First_Name,Last_Name,Age,Address_Line_2,School_Name
1001,Student,1001,18,,GP
1002,Student,1002,17,,GP
1003,Student,1003,15,,GP
1004,Student,1004,15,,GP
1005,Student,1005,16,,GP
1006,Student,1006,16,,GP
1007,Student,1007,16,,GP
1008,Student,1008,17,,GP
1009,Student,1009,15,,GP
1010,Student,1010,15,,GP
1011,Student,1011,15,,GP
1012,Student,1012,15,,GP
1013,Student,1013,15,,GP
1014,Student,1014,15,,GP
1015,Student,1015,15,,GP
1016,Student,1016,16,,GP
1017,Student,1017,16,,GP
1018,Student,1018,16,,GP
1019,Student,1019,17,,GP
1020,Student,1020,16,,GP
1021,Student,1021,15,,GP
1022,Student,1022,15,,GP
1023,Student,1023,16,,GP
1024,Student,1024,16,,GP
1025,Student,1025,15,,GP
1026,Student,1026,16,,GP
1027,Student,1027,15,,GP
1028,Student,1028,15,,GP
1029,Student,1029,16,,GP
1030,Student,1030,16,,GP
1031,Student,1031,15,,GP
1032,Student,1032,15,,GP
1033,Student,1033,15,,GP
1034,Student,1034,15,,GP
1035,Student,1035,16,,GP
1036,Student,1036,15,,GP
1037,Student,1037,15,,GP
1038,Student,1038,16,,GP
1039,Student,1039,15,,GP
1040,Student,1040,15,,GP
1041,Student,1041,16,,GP
1042,Student,1042,15,,GP
1043,Student,1043,15,,GP
1044,Student,1044,15,,GP
1045,Student,1045,16,,GP
1046,Student,1046,15,,GP
1047,Student,1047,16,,GP
1048,Student,1048,16,,GP
1049,Student,1049,15,,GP
1050,Student,1050,15,,GP
1051,Student,1051,16,,GP
1052,Student,1052,15,,GP
1053,Student,1053,15,,GP
1054,Student,1054,15,,GP
1055,Student,1055,15,,GP
1056,Student,1056,16,,GP
1057,Student,1057,15,,GP
1058,Student,1058,15,,GP
1059,Student,1059,15,,GP
1060,Student,1060,16,,GP
1061,Student,1061,16,,GP
1062,Student,1062,16,,GP
1063,Student,1063,16,,GP
1064,Student,1064,16,,GP
1065,Student,1065,15,,GP
1066,Student,1066,16,,GP
1067,Student,1067,15,,GP
1068,Student,1068,16,,GP
1069,Student,1069,15,,GP
1070,Student,1070,15,,GP
1071,Student,1071,16,,GP
1072,Student,1072,15,,GP
1073,Student,1073,15,,GP
1074,Student,1074,16,,GP
1075,Student,1075,16,,GP
1076,Student,1076,15,,GP
1077,Student,1077,15,,GP
1078,Student,1078,16,,GP
1079,Student,1079,17,,GP
1080,Student,1080,16,,GP
1081,Student,1081,15,,GP
1082,Student,1082,15,,GP
1083,Student,1083,15,,GP
1084,Student,1084,15,,GP
1085,Student,1085,15,,GP
1086,Student,1086,15,,GP
1087,Student,1087,16,,GP
1088,Student,1088,15,,GP
1089,Student,1089,16,,GP
1090,Student,1090,16,,GP
1091,Student,1091,16,,GP
1092,Student,1092,15,,GP
1093,Student,1093,16,,GP
1094,Student,1094,16,,GP
1095,Student,1095,15,,GP
1096,Student,1096,15,,GP
1097,Student,1097,16,,GP
1098,Student,1098,16,,GP
1099,Student,1099,16,,GP
1100,Student,1100,16,,GP
1101,Student,1101,16,,GP
1102,Student,1102,16,,GP
1103,Student,1103,15,,GP
1104,Student,1104,15,,GP
1105,Student,1105,15,,GP
1106,Student,1106,15,,GP
1107,Student,1107,15,,GP
1108,Student,1108,16,,GP
1109,Student,1109,15,,GP
1110,Student,1110,16,,GP
1111,Student,1111,15,,GP
1112,Student,1112,16,,GP
1113,Student,1113,16,,GP
1114,Student,1114,15,,GP
1115,Student,1115,15,,GP
1116,Student,1116,16,,GP
1117,Student,1117,15,,GP
1118,Student,1118,16,,GP
1119,Student,1119,17,,GP
1120,Student,1120,15,,GP
1121,Student,1121,15,,GP
1122,Student,1122,15,,GP
1123,Student,1123,16,,GP
1124,Student,1124,16,,GP
1125,Student,1125,16,,GP
1126,Student,1126,15,,GP
1127,Student,1127,15,,GP
1128,Student,1128,19,,GP
1129,Student,1129,18,,GP
1130,Student,1130,16,,GP
1131,Student,1131,15,,GP
1132,Student,1132,15,,GP
1133,Student,1133,17,,GP
1134,Student,1134,16,,GP
1135,Student,1135,15,,GP
1136,Student,1136,15,,GP
1137,Student,1137,17,,GP
1138,Student,1138,16,,GP
1139,Student,1139,16,,GP
1140,Student,1140,15,,GP
1141,Student,1141,15,,GP
1142,Student,1142,16,,GP
1143,Student,1143,15,,GP
1144,Student,1144,16,,GP
1145,Student,1145,17,,GP
1146,Student,1146,15,,GP
1147,Student,1147,15,,GP
1148,Student,1148,15,,GP
1149,Student,1149,16,,GP
1150,Student,1150,15,,GP
1151,Student,1151,18,,GP
1152,Student,1152,16,,GP
1153,Student,1153,15,,GP
1154,Student,1154,19,,GP
1155,Student,1155,17,,GP
1156,Student,1156,15,,GP
1157,Student,1157,17,,GP
1158,Student,1158,18,,GP
1159,Student,1159,16,,GP
1160,Student,1160,16,,GP
1161,Student,1161,17,,GP
1162,Student,1162,15,,GP
1163,Student,1163,16,,GP
1164,Student,1164,17,,GP
1165,Student,1165,17,,GP
1166,Student,1166,16,,GP
1167,Student,1167,16,,GP
1168,Student,1168,16,,GP
1169,Student,1169,16,,GP
1170,Student,1170,16,,GP
1171,Student,1171,16,,GP
1172,Student,1172,16,,GP
1173,Student,1173,17,,GP
1174,Student,1174,16,,GP
1175,Student,1175,16,,GP
1176,Student,1176,17,,GP
1177,Student,1177,16,,GP
1178,Student,1178,17,,GP
1179,Student,1179,16,,GP
1180,Student,1180,17,,GP
1181,Student,1181,16,,GP
1182,Student,1182,16,,GP
1183,Student,1183,17,,GP
1184,Student,1184,17,,GP
1185,Student,1185,16,,GP
1186,Student,1186,17,,GP
1187,Student,1187,16,,GP
1188,Student,1188,16,,GP
1189,Student,1189,17,,GP
1190,Student,1190,17,,GP
1191,Student,1191,16,,GP
1192,Student,1192,17,,GP
1193,Student,1193,17,,GP
1194,Student,1194,16,,GP
1195,Student,1195,16,,GP
1196,Student,1196,17,,GP
1197,Student,1197,17,,GP
1198,Student,1198,16,,GP
1199,Student,1199,17,,GP
1200,Student,1200,16,,GP
1201,Student,1201,16,,GP
1202,Student,1202,16,,GP
1203,Student,1203,17,,GP
1204,Student,1204,17,,GP
1205,Student,1205,16,,GP
1206,Student,1206,17,,GP
1207,Student,1207,16,,GP
1208,Student,1208,16,,GP
1209,Student,1209,16,,GP
1210,Student,1210,17,,GP
1211,Student,1211,19,,GP
1212,Student,1212,17,,GP
1213,Student,1213,16,,GP
1214,Student,1214,18,,GP
1215,Student,1215,17,,GP
1216,Student,1216,17,,GP
1217,Student,1217,17,,GP
1218,Student,1218,18,,GP
1219,Student,1219,17,,GP
1220,Student,1220,17,,GP
1221,Student,1221,17,,GP
1222,Student,1222,17,,GP
1223,Student,1223,16,,GP
1224,Student,1224,18,,GP
1225,Student,1225,16,,GP
1226,Student,1226,18,,GP
1227,Student,1227,17,,GP
1228,Student,1228,17,,GP
1229,Student,1229,18,,GP
1230,Student,1230,17,,GP
1231,Student,1231,17,,GP
1232,Student,1232,17,,GP
1233,Student,1233,17,,GP
1234,Student,1234,16,,GP
1235,Student,1235,16,,GP
1236,Student,1236,16,,GP
1237,Student,1237,17,,GP
1238,Student,1238,16,,GP
1239,Student,1239,17,,GP
1240,Student,1240,18,,GP
1241,Student,1241,17,,GP
1242,Student,1242,17,,GP
1243,Student,1243,16,,GP
1244,Student,1244,16,,GP
1245,Student,1245,18,,GP
1246,Student,1246,16,,GP
1247,Student,1247,17,,GP
1248,Student,1248,22,,GP
1249,Student,1249,18,,GP
1250,Student,1250,16,,GP
1251,Student,1251,18,,GP
1252,Student,1252,16,,GP
1253,Student,1253,18,,GP
1254,Student,1254,16,,GP
1255,Student,1255,17,,GP
1256,Student,1256,17,,GP
1257,Student,1257,17,,GP
1258,Student,1258,19,,GP
1259,Student,1259,18,,GP
1260,Student,1260,17,,GP
1261,Student,1261,18,,GP
1262,Student,1262,18,,GP
1263,Student,1263,18,,GP
1264,Student,1264,17,,GP
1265,Student,1265,18,,GP
1266,Student,1266,18,,GP
1267,Student,1267,17,,GP
1268,Student,1268,18,,GP
1269,Student,1269,18,,GP
1270,Student,1270,18,,GP
1271,Student,1271,19,,GP
1272,Student,1272,18,,GP
1273,Student,1273,18,,GP
1274,Student,1274,17,,GP
1275,Student,1275,17,,GP
1276,Student,1276,17,,GP
1277,Student,1277,18,,GP
1278,Student,1278,18,,GP
1279,Student,1279,18,,GP
1280,Student,1280,18,,GP
1281,Student,1281,17,,GP
1282,Student,1282,17,,GP
1283,Student,1283,18,,GP
1284,Student,1284,18,,GP
1285,Student,1285,17,,GP
1286,Student,1286,17,,GP
1287,Student,1287,18,,GP
1288,Student,1288,17,,GP
1289,Student,1289,18,,GP
1290,Student,1290,18,,GP
1291,Student,1291,18,,GP
1292,Student,1292,17,,GP
1293,Student,1293,18,,GP
1294,Student,1294,17,,GP
1295,Student,1295,18,,GP
1296,Student,1296,17,,GP
1297,Student,1297,19,,GP
1298,Student,1298,18,,GP
1299,Student,1299,18,,GP
1300,Student,1300,18,,GP
1301,Student,1301,18,,GP
1302,Student,1302,17,,GP
1303,Student,1303,17,,GP
1304,Student,1304,17,,GP
1305,Student,1305,19,,GP
1306,Student,1306,18,,GP
1307,Student,1307,20,,GP
1308,Student,1308,19,,GP
1309,Student,1309,19,,GP
1310,Student,1310,19,,GP
1311,Student,1311,19,,GP
1312,Student,1312,19,,GP
1313,Student,1313,19,,GP
1314,Student,1314,19,,GP
1315,Student,1315,19,,GP
1316,Student,1316,19,,GP
1317,Student,1317,18,,GP
1318,Student,1318,18,,GP
1319,Student,1319,17,,GP
1320,Student,1320,18,,GP
1321,Student,1321,17,,GP
1322,Student,1322,17,,GP
1323,Student,1323,17,,GP
1324,Student,1324,17,,GP
1325,Student,1325,17,,GP
1326,Student,1326,18,,GP
1327,Student,1327,17,,GP
1328,Student,1328,17,,GP
1329,Student,1329,17,,GP
1330,Student,1330,17,,GP
1331,Student,1331,18,,GP
1332,Student,1332,17,,GP
1333,Student,1333,18,,GP
1334,Student,1334,18,,GP
1335,Student,1335,18,,GP
1336,Student,1336,17,,GP
1337,Student,1337,19,,GP
1338,Student,1338,17,,GP
1339,Student,1339,18,,GP
1340,Student,1340,17,,GP
1341,Student,1341,19,,GP
1342,Student,1342,18,,GP
1343,Student,1343,18,,GP
1344,Student,1344,17,,GP
1345,Student,1345,18,,GP
1346,Student,1346,18,,GP
1347,Student,1347,18,,GP
1348,Student,1348,18,,GP
1349,Student,1349,17,,GP
1350,Student,1350,18,,MS
1351,Student,1351,19,,MS
1352,Student,1352,17,,MS
1353,Student,1353,18,,MS
1354,Student,1354,19,,MS
1355,Student,1355,17,,MS
1356,Student,1356,18,,MS
1357,Student,1357,17,,MS
1358,Student,1358,17,,MS
1359,Student,1359,18,,MS
1360,Student,1360,18,,MS
1361,Student,1361,18,,MS
1362,Student,1362,18,,MS
1363,Student,1363,18,,MS
1364,Student,1364,17,,MS
1365,Student,1365,17,,MS
1366,Student,1366,18,,MS
1367,Student,1367,18,,MS
1368,Student,1368,17,,MS
1369,Student,1369,18,,MS
1370,Student,1370,18,,MS
1371,Student,1371,19,,MS
1372,Student,1372,18,,MS
1373,Student,1373,17,,MS
1374,Student,1374,17,,MS
1375,Student,1375,18,,MS
1376,Student,1376,18,,MS
1377,Student,1377,20,,MS
1378,Student,1378,18,,MS
1379,Student,1379,18,,MS
1380,Student,1380,17,,MS
1381,Student,1381,18,,MS
1382,Student,1382,18,,MS
1383,Student,1383,17,,MS
1384,Student,1384,19,,MS
1385,Student,1385,18,,MS
1386,Student,1386,18,,MS
1387,Student,1387,18,,MS
1388,Student,1388,19,,MS
1389,Student,1389,18,,MS
1390,Student,1390,18,,MS
1391,Student,1391,20,,MS
1392,Student,1392,17,,MS
1393,Student,1393,21,,MS
1394,Student,1394,18,,MS
1395,Student,1395,19,,MS
